[
  {
    "id": 1,
    "title": "用AI快速打造个人品牌",
    "description": "学习如何使用AI工具高效建立个人品牌，从头像制作到内容输出，轻松塑造专业形象。",
    "chapters": [
      "第1章 什么是个人品牌与AI结合？",
      "第2章 用Midjourney制作高质量头像",
      "第3章 ChatGPT帮你写自我介绍与个人故事",
      "第4章 Canva+AI生成社交媒体内容",
      "第5章 快速搭建个人网站（零代码）",
      "第6章 项目实操：打造你的第一个AI个人品牌案例"
    ],
    "level": "基础",
    "instructor": {
      "name": "李明远",
      "bio": "AI应用专家，10年互联网产品经验，专注AI+个人品牌领域研究",
      "avatar": "/images/instructors/instructor_1.jpg"
    },
    "cover_image": "/images/courses/course_1.jpg",
    "duration": "12小时",
    "students_enrolled": 100,
    "rating": 4.5,
    "category": "数字营销",
    "slug": "用ai快速打造个人品牌",
    "teaser": "学习如何使用AI工具高效建立个人品牌，从头像制作到内容输出，轻松塑造专业形象。...",
    "featured": true,
    "difficulty": "基础级",
    "completion_time": "17天",
    "what_youll_learn": [
      "掌握AI快速打造个人品牌的核心技能与工作流程",
      "从零基础到能够独立完成数字营销实际项目",
      "获得行业前沿洞察和实战经验",
      "构建属于自己的AI工作方法论"
    ],
    "testimonials": [
      {
        "name": "李晓华",
        "job": "产品经理",
        "comment": "这门用AI快速打造个人品牌课程非常出色！找到了新的职业方向，非常实用。",
        "avatar": "/images/testimonials/user_1.jpg",
        "rating": 5
      },
      {
        "name": "王建明",
        "job": "自由职业者",
        "comment": "这门用AI快速打造个人品牌课程非常出色！效率提升了3倍，值得每一分钱。",
        "avatar": "/images/testimonials/user_2.jpg",
        "rating": 4
      }
    ],
    "pricing": {
      "original": 399,
      "current": 299,
      "discount_percent": 25
    },
    "trailer_video": "/videos/courses/course_1_trailer.mp4",
    "skill_tags": [
      "内容营销",
      "社交媒体",
      "广告创意"
    ]
  },
  {
    "id": 2,
    "title": "AI在电商运营中的实用技巧",
    "description": "掌握如何用AI工具提升电商店铺运营效率，包括商品描述、广告文案、客户服务自动化。",
    "chapters": [
      "第1章 电商运营中AI能做什么？",
      "第2章 ChatGPT批量生成商品标题与描述",
      "第3章 Pictory快速剪辑产品短视频",
      "第4章 AI客服搭建与实践",
      "第5章 数据分析与选品辅助",
      "第6章 项目实操：用AI打造爆款商品页"
    ],
    "level": "基础",
    "instructor": {
      "name": "王志强",
      "bio": "前大厂技术总监，AI开发实战派，擅长将复杂技术简化落地",
      "avatar": "/images/instructors/instructor_2.jpg"
    },
    "cover_image": "/images/courses/course_2.jpg",
    "duration": "12小时",
    "students_enrolled": 150,
    "rating": 4.5,
    "category": "数字营销",
    "slug": "ai在电商运营中的实用技巧",
    "teaser": "掌握如何用AI工具提升电商店铺运营效率，包括商品描述、广告文案、客户服务自动化。...",
    "featured": false,
    "difficulty": "基础级",
    "completion_time": "17天",
    "what_youll_learn": [
      "掌握技巧的核心技能与工作流程",
      "从零基础到能够独立完成数字营销实际项目",
      "获得行业前沿洞察和实战经验",
      "构建属于自己的AI工作方法论"
    ],
    "testimonials": [
      {
        "name": "王建明",
        "job": "自由职业者",
        "comment": "这门AI在电商运营中的实用技巧课程非常出色！效率提升了3倍，非常实用。",
        "avatar": "/images/testimonials/user_2.jpg",
        "rating": 4
      },
      {
        "name": "张思琪",
        "job": "内容创作者",
        "comment": "这门AI在电商运营中的实用技巧课程非常出色！解决了长期困扰我的问题，值得每一分钱。",
        "avatar": "/images/testimonials/user_3.jpg",
        "rating": 4
      }
    ],
    "pricing": {
      "original": 499,
      "current": 399,
      "discount_percent": 0
    },
    "trailer_video": "/videos/courses/course_2_trailer.mp4",
    "skill_tags": [
      "内容营销",
      "社交媒体",
      "广告创意"
    ]
  },
  {
    "id": 3,
    "title": "零基础用AI制作短视频",
    "description": "无需拍摄经验，学会用AI快速制作爆款短视频，适用于抖音、小红书、Instagram等平台。",
    "chapters": [
      "第1章 短视频内容趋势与AI应用",
      "第2章 文本生成短视频（Runway、Pika等工具）",
      "第3章 自动配音与字幕添加",
      "第4章 快速生成视频封面与标题",
      "第5章 多平台发布与流量获取",
      "第6章 项目实操：制作你的第一个AI短视频"
    ],
    "level": "基础",
    "instructor": {
      "name": "张天琪",
      "bio": "资深内容创作者，AI创意应用专家，曾帮助上百企业完成AI转型",
      "avatar": "/images/instructors/instructor_3.jpg"
    },
    "cover_image": "/images/courses/course_3.jpg",
    "duration": "12小时",
    "students_enrolled": 200,
    "rating": 4.6,
    "category": "内容创作",
    "slug": "零基础用ai制作短视频",
    "teaser": "无需拍摄经验，学会用AI快速制作爆款短视频，适用于抖音、小红书、Instagram等平台。...",
    "featured": false,
    "difficulty": "基础级",
    "completion_time": "17天",
    "what_youll_learn": [
      "掌握AI制作短视频的核心技能与工作流程",
      "从零基础到能够独立完成内容创作实际项目",
      "获得行业前沿洞察和实战经验",
      "构建属于自己的AI工作方法论"
    ],
    "testimonials": [
      {
        "name": "张思琪",
        "job": "内容创作者",
        "comment": "这门零基础用AI制作短视频课程非常出色！解决了长期困扰我的问题，非常实用。",
        "avatar": "/images/testimonials/user_3.jpg",
        "rating": 4
      },
      {
        "name": "赵云峰",
        "job": "市场营销",
        "comment": "这门零基础用AI制作短视频课程非常出色！获得了实际可用的技能，值得每一分钱。",
        "avatar": "/images/testimonials/user_4.jpg",
        "rating": 5
      }
    ],
    "pricing": {
      "original": 599,
      "current": 499,
      "discount_percent": 0
    },
    "trailer_video": "/videos/courses/course_3_trailer.mp4",
    "skill_tags": [
      "创意写作",
      "AI生成内容",
      "视觉设计"
    ]
  },
  {
    "id": 4,
    "title": "ChatGPT办公效率提升指南",
    "description": "系统学习如何用ChatGPT提升日常办公效率，涵盖写作、总结、思维整理与项目管理。",
    "chapters": [
      "第1章 办公场景中的ChatGPT应用",
      "第2章 办公文档自动生成",
      "第3章 项目计划与头脑风暴",
      "第4章 邮件/周报/总结自动化",
      "第5章 提升Prompt技巧",
      "第6章 打造你的专属办公AI流"
    ],
    "level": "基础",
    "instructor": {
      "name": "陈思远",
      "bio": "电商运营专家，精通AI营销策略，《AI商业应用》作者",
      "avatar": "/images/instructors/instructor_4.jpg"
    },
    "cover_image": "/images/courses/course_4.jpg",
    "duration": "12小时",
    "students_enrolled": 250,
    "rating": 4.7,
    "category": "AI工具应用",
    "slug": "chatgpt办公效率提升指南",
    "teaser": "系统学习如何用ChatGPT提升日常办公效率，涵盖写作、总结、思维整理与项目管理。...",
    "featured": false,
    "difficulty": "基础级",
    "completion_time": "17天",
    "what_youll_learn": [
      "掌握ChatGPT办公效率提升指南的核心技能与工作流程",
      "从零基础到能够独立完成AI工具应用实际项目",
      "获得行业前沿洞察和实战经验",
      "构建属于自己的AI工作方法论"
    ],
    "testimonials": [
      {
        "name": "赵云峰",
        "job": "市场营销",
        "comment": "这门ChatGPT办公效率提升指南课程非常出色！获得了实际可用的技能，非常实用。",
        "avatar": "/images/testimonials/user_4.jpg",
        "rating": 5
      },
      {
        "name": "陈明亮",
        "job": "开发工程师",
        "comment": "这门ChatGPT办公效率提升指南课程非常出色！打开了AI应用的新视野，值得每一分钱。",
        "avatar": "/images/testimonials/user_5.jpg",
        "rating": 4
      }
    ],
    "pricing": {
      "original": 699,
      "current": 599,
      "discount_percent": 25
    },
    "trailer_video": "/videos/courses/course_4_trailer.mp4",
    "skill_tags": [
      "提示工程",
      "大语言模型",
      "知识库构建"
    ]
  },
  {
    "id": 5,
    "title": "用AI做自由职业者，开启副业之路",
    "description": "探索如何借助AI工具，从自由写作、翻译到图像设计，开启你的自由职业生涯。",
    "chapters": [
      "第1章 2025年自由职业新趋势",
      "第2章 AI写作与内容营销",
      "第3章 AI翻译与本地化",
      "第4章 AI图像生成与编辑",
      "第5章 在Fiverr/Upwork接单实战",
      "第6章 项目挑战：发布你的第一个自由职业项目"
    ],
    "level": "基础",
    "instructor": {
      "name": "林雨晴",
      "bio": "办公效率专家，AI工具集成应用权威，企业AI培训讲师",
      "avatar": "/images/instructors/instructor_5.jpg"
    },
    "cover_image": "/images/courses/course_5.jpg",
    "duration": "12小时",
    "students_enrolled": 300,
    "rating": 4.7,
    "category": "职业发展",
    "slug": "用ai做自由职业者开启副业之路",
    "teaser": "探索如何借助AI工具，从自由写作、翻译到图像设计，开启你的自由职业生涯。...",
    "featured": true,
    "difficulty": "基础级",
    "completion_time": "17天",
    "what_youll_learn": [
      "掌握AI做自由职业者，开启副业之路的核心技能与工作流程",
      "从零基础到能够独立完成职业发展实际项目",
      "获得行业前沿洞察和实战经验",
      "构建属于自己的AI工作方法论"
    ],
    "testimonials": [
      {
        "name": "陈明亮",
        "job": "开发工程师",
        "comment": "这门用AI做自由职业者，开启副业之路课程非常出色！打开了AI应用的新视野，非常实用。",
        "avatar": "/images/testimonials/user_5.jpg",
        "rating": 4
      },
      {
        "name": "林小曼",
        "job": "企业老板",
        "comment": "这门用AI做自由职业者，开启副业之路课程非常出色！找到了新的职业方向，值得每一分钱。",
        "avatar": "/images/testimonials/user_6.jpg",
        "rating": 4
      }
    ],
    "pricing": {
      "original": 799,
      "current": 699,
      "discount_percent": 0
    },
    "trailer_video": "/videos/courses/course_5_trailer.mp4",
    "skill_tags": [
      "技能提升",
      "个人品牌",
      "自由职业"
    ]
  },
  {
    "id": 6,
    "title": "用AI开发一人公司",
    "description": "从产品构想到交付，掌握用AI一人打理设计、开发、运营、客服的完整流程。",
    "chapters": [
      "第1章 什么是AI一人公司",
      "第2章 产品构思与需求验证（用GPT/Claude）",
      "第3章 无代码开发工具搭建（Bubble、Softr）",
      "第4章 AI客服与自动化营销",
      "第5章 低成本推广与增长策略",
      "第6章 实操案例：一人公司上线实战"
    ],
    "level": "进阶",
    "instructor": {
      "name": "李明远",
      "bio": "AI应用专家，10年互联网产品经验，专注AI+个人品牌领域研究",
      "avatar": "/images/instructors/instructor_1.jpg"
    },
    "cover_image": "/images/courses/course_6.jpg",
    "duration": "12小时",
    "students_enrolled": 350,
    "rating": 4.8,
    "category": "应用开发",
    "slug": "用ai开发一人公司",
    "teaser": "从产品构想到交付，掌握用AI一人打理设计、开发、运营、客服的完整流程。...",
    "featured": false,
    "difficulty": "进阶级",
    "completion_time": "17天",
    "what_youll_learn": [
      "掌握AI开发一人公司的核心技能与工作流程",
      "从零基础到能够独立完成应用开发实际项目",
      "获得行业前沿洞察和实战经验",
      "构建属于自己的AI工作方法论"
    ],
    "testimonials": [
      {
        "name": "林小曼",
        "job": "企业老板",
        "comment": "这门用AI开发一人公司课程非常出色！找到了新的职业方向，非常实用。",
        "avatar": "/images/testimonials/user_6.jpg",
        "rating": 4
      },
      {
        "name": "郭志强",
        "job": "大学教师",
        "comment": "这门用AI开发一人公司课程非常出色！效率提升了3倍，值得每一分钱。",
        "avatar": "/images/testimonials/user_7.jpg",
        "rating": 5
      }
    ],
    "pricing": {
      "original": 399,
      "current": 299,
      "discount_percent": 0
    },
    "trailer_video": "/videos/courses/course_6_trailer.mp4",
    "skill_tags": [
      "无代码开发",
      "API集成",
      "用户体验"
    ]
  },
  {
    "id": 7,
    "title": "用AI打造垂直SaaS应用",
    "description": "学习如何使用AI快速搭建小而美的SaaS应用，探索从开发到变现的全流程。",
    "chapters": [
      "第1章 什么是垂直SaaS+AI",
      "第2章 快速生成产品原型",
      "第3章 AI辅助后台搭建",
      "第4章 支付系统与订阅管理",
      "第5章 用户增长与留存策略",
      "第6章 项目实操：发布你的第一个AI SaaS应用"
    ],
    "level": "进阶",
    "instructor": {
      "name": "王志强",
      "bio": "前大厂技术总监，AI开发实战派，擅长将复杂技术简化落地",
      "avatar": "/images/instructors/instructor_2.jpg"
    },
    "cover_image": "/images/courses/course_7.jpg",
    "duration": "12小时",
    "students_enrolled": 400,
    "rating": 4.8,
    "category": "应用开发",
    "slug": "用ai打造垂直saas应用",
    "teaser": "学习如何使用AI快速搭建小而美的SaaS应用，探索从开发到变现的全流程。...",
    "featured": false,
    "difficulty": "进阶级",
    "completion_time": "17天",
    "what_youll_learn": [
      "掌握的核心技能与工作流程",
      "从零基础到能够独立完成应用开发实际项目",
      "获得行业前沿洞察和实战经验",
      "构建属于自己的AI工作方法论"
    ],
    "testimonials": [
      {
        "name": "郭志强",
        "job": "大学教师",
        "comment": "这门用AI打造垂直SaaS应用课程非常出色！效率提升了3倍，非常实用。",
        "avatar": "/images/testimonials/user_7.jpg",
        "rating": 5
      },
      {
        "name": "黄建国",
        "job": "设计师",
        "comment": "这门用AI打造垂直SaaS应用课程非常出色！解决了长期困扰我的问题，值得每一分钱。",
        "avatar": "/images/testimonials/user_8.jpg",
        "rating": 4
      }
    ],
    "pricing": {
      "original": 499,
      "current": 399,
      "discount_percent": 25
    },
    "trailer_video": "/videos/courses/course_7_trailer.mp4",
    "skill_tags": [
      "无代码开发",
      "API集成",
      "用户体验"
    ]
  },
  {
    "id": 8,
    "title": "AI智能助手从0到1训练指南",
    "description": "掌握如何定制训练属于你的智能助理，覆盖提示工程、知识库搭建与微调部署。",
    "chapters": [
      "第1章 了解智能助手工作原理",
      "第2章 高级Prompt设计技巧",
      "第3章 私有知识库搭建（用LlamaIndex/Chroma）",
      "第4章 简单微调大模型",
      "第5章 端侧部署与隐私保护",
      "第6章 项目挑战：训练并发布你的个人智能助理"
    ],
    "level": "进阶",
    "instructor": {
      "name": "张天琪",
      "bio": "资深内容创作者，AI创意应用专家，曾帮助上百企业完成AI转型",
      "avatar": "/images/instructors/instructor_3.jpg"
    },
    "cover_image": "/images/courses/course_8.jpg",
    "duration": "12小时",
    "students_enrolled": 450,
    "rating": 4.8,
    "category": "AI工具应用",
    "slug": "ai智能助手从0到1训练指南",
    "teaser": "掌握如何定制训练属于你的智能助理，覆盖提示工程、知识库搭建与微调部署。...",
    "featured": true,
    "difficulty": "进阶级",
    "completion_time": "17天",
    "what_youll_learn": [
      "掌握AI智能助手从0到1训练指南的核心技能与工作流程",
      "从零基础到能够独立完成AI工具应用实际项目",
      "获得行业前沿洞察和实战经验",
      "构建属于自己的AI工作方法论"
    ],
    "testimonials": [
      {
        "name": "黄建国",
        "job": "设计师",
        "comment": "这门AI智能助手从0到1训练指南课程非常出色！解决了长期困扰我的问题，非常实用。",
        "avatar": "/images/testimonials/user_8.jpg",
        "rating": 4
      },
      {
        "name": "李晓华",
        "job": "产品经理",
        "comment": "这门AI智能助手从0到1训练指南课程非常出色！找到了新的职业方向，值得每一分钱。",
        "avatar": "/images/testimonials/user_1.jpg",
        "rating": 5
      }
    ],
    "pricing": {
      "original": 599,
      "current": 499,
      "discount_percent": 0
    },
    "trailer_video": "/videos/courses/course_8_trailer.mp4",
    "skill_tags": [
      "提示工程",
      "大语言模型",
      "知识库构建"
    ]
  },
  {
    "id": 9,
    "title": "AI创作者IP打造计划",
    "description": "教你如何用AI批量产出内容，运营IP账号，打造个人内容护城河。",
    "chapters": [
      "第1章 选择你的IP赛道",
      "第2章 内容定位与角色设定",
      "第3章 批量产出内容的AI工作流",
      "第4章 如何打造“人设感”与用户黏性",
      "第5章 多平台分发与流量裂变",
      "第6章 项目实操：3个月完成你的IP冷启动计划"
    ],
    "level": "进阶",
    "instructor": {
      "name": "陈思远",
      "bio": "电商运营专家，精通AI营销策略，《AI商业应用》作者",
      "avatar": "/images/instructors/instructor_4.jpg"
    },
    "cover_image": "/images/courses/course_9.jpg",
    "duration": "12小时",
    "students_enrolled": 500,
    "rating": 4.9,
    "category": "内容创作",
    "slug": "ai创作者ip打造计划",
    "teaser": "教你如何用AI批量产出内容，运营IP账号，打造个人内容护城河。...",
    "featured": true,
    "difficulty": "进阶级",
    "completion_time": "17天",
    "what_youll_learn": [
      "掌握AI创作者IP打造计划的核心技能与工作流程",
      "从零基础到能够独立完成内容创作实际项目",
      "获得行业前沿洞察和实战经验",
      "构建属于自己的AI工作方法论"
    ],
    "testimonials": [
      {
        "name": "李晓华",
        "job": "产品经理",
        "comment": "这门AI创作者IP打造计划课程非常出色！找到了新的职业方向，非常实用。",
        "avatar": "/images/testimonials/user_1.jpg",
        "rating": 5
      },
      {
        "name": "王建明",
        "job": "自由职业者",
        "comment": "这门AI创作者IP打造计划课程非常出色！效率提升了3倍，值得每一分钱。",
        "avatar": "/images/testimonials/user_2.jpg",
        "rating": 4
      }
    ],
    "pricing": {
      "original": 699,
      "current": 599,
      "discount_percent": 0
    },
    "trailer_video": "/videos/courses/course_9_trailer.mp4",
    "skill_tags": [
      "创意写作",
      "AI生成内容",
      "视觉设计"
    ]
  },
  {
    "id": 10,
    "title": "用AI制作短篇漫画与图文小说",
    "description": "学习如何用AI生成漫画分镜、人物设定和故事脚本，快速制作原创短篇作品。",
    "chapters": [
      "第1章 漫画与图文内容趋势",
      "第2章 Midjourney绘制角色与场景",
      "第3章 ChatGPT辅助剧本编写",
      "第4章 AI自动分镜排版（Storyboard工具）",
      "第5章 图文小说生成流程实操",
      "第6章 项目挑战：发布你的第一本AI短篇作品"
    ],
    "level": "进阶",
    "instructor": {
      "name": "林雨晴",
      "bio": "办公效率专家，AI工具集成应用权威，企业AI培训讲师",
      "avatar": "/images/instructors/instructor_5.jpg"
    },
    "cover_image": "/images/courses/course_10.jpg",
    "duration": "12小时",
    "students_enrolled": 550,
    "rating": 5.0,
    "category": "内容创作",
    "slug": "用ai制作短篇漫画与图文小说",
    "teaser": "学习如何用AI生成漫画分镜、人物设定和故事脚本，快速制作原创短篇作品。...",
    "featured": false,
    "difficulty": "进阶级",
    "completion_time": "17天",
    "what_youll_learn": [
      "掌握AI制作短篇漫画的核心技能与工作流程",
      "从零基础到能够独立完成内容创作实际项目",
      "获得行业前沿洞察和实战经验",
      "构建属于自己的AI工作方法论"
    ],
    "testimonials": [
      {
        "name": "王建明",
        "job": "自由职业者",
        "comment": "这门用AI制作短篇漫画与图文小说课程非常出色！效率提升了3倍，非常实用。",
        "avatar": "/images/testimonials/user_2.jpg",
        "rating": 4
      },
      {
        "name": "张思琪",
        "job": "内容创作者",
        "comment": "这门用AI制作短篇漫画与图文小说课程非常出色！解决了长期困扰我的问题，值得每一分钱。",
        "avatar": "/images/testimonials/user_3.jpg",
        "rating": 4
      }
    ],
    "pricing": {
      "original": 799,
      "current": 699,
      "discount_percent": 25
    },
    "trailer_video": "/videos/courses/course_10_trailer.mp4",
    "skill_tags": [
      "创意写作",
      "AI生成内容",
      "视觉设计"
    ]
  },
  {
    "id": 11,
    "title": "AI音乐生成与音频创作实战",
    "description": "掌握如何使用AI生成原创音乐、混音、声音设计，适合播客、短视频配音等场景。",
    "chapters": [
      "第1章 AI音乐工具概览（Suno、Boomy等）",
      "第2章 文本到音乐的基本技巧",
      "第3章 AI辅助混音与剪辑",
      "第4章 音频版权与使用注意事项",
      "第5章 多平台发布音乐作品",
      "第6章 项目挑战：制作你的第一首AI音乐"
    ],
    "level": "进阶",
    "instructor": {
      "name": "李明远",
      "bio": "AI应用专家，10年互联网产品经验，专注AI+个人品牌领域研究",
      "avatar": "/images/instructors/instructor_1.jpg"
    },
    "cover_image": "/images/courses/course_11.jpg",
    "duration": "12小时",
    "students_enrolled": 600,
    "rating": 4.5,
    "category": "内容创作",
    "slug": "ai音乐生成与音频创作实战",
    "teaser": "掌握如何使用AI生成原创音乐、混音、声音设计，适合播客、短视频配音等场景。...",
    "featured": false,
    "difficulty": "进阶级",
    "completion_time": "17天",
    "what_youll_learn": [
      "掌握AI音乐生成与音频创作实战的核心技能与工作流程",
      "从零基础到能够独立完成内容创作实际项目",
      "获得行业前沿洞察和实战经验",
      "构建属于自己的AI工作方法论"
    ],
    "testimonials": [
      {
        "name": "张思琪",
        "job": "内容创作者",
        "comment": "这门AI音乐生成与音频创作实战课程非常出色！解决了长期困扰我的问题，非常实用。",
        "avatar": "/images/testimonials/user_3.jpg",
        "rating": 4
      },
      {
        "name": "赵云峰",
        "job": "市场营销",
        "comment": "这门AI音乐生成与音频创作实战课程非常出色！获得了实际可用的技能，值得每一分钱。",
        "avatar": "/images/testimonials/user_4.jpg",
        "rating": 5
      }
    ],
    "pricing": {
      "original": 399,
      "current": 299,
      "discount_percent": 0
    },
    "trailer_video": "/videos/courses/course_11_trailer.mp4",
    "skill_tags": [
      "创意写作",
      "AI生成内容",
      "视觉设计"
    ]
  },
  {
    "id": 12,
    "title": "Prompt工程师入门训练营",
    "description": "快速掌握高质量Prompt的撰写技巧，了解职业路径和实际应用场景。",
    "chapters": [
      "第1章 什么是Prompt工程师",
      "第2章 不同行业Prompt设计案例",
      "第3章 提高AI响应质量的技巧",
      "第4章 多轮对话设计与控制",
      "第5章 Prompt项目实操演练",
      "第6章 职业发展路线与接单指南"
    ],
    "level": "进阶",
    "instructor": {
      "name": "王志强",
      "bio": "前大厂技术总监，AI开发实战派，擅长将复杂技术简化落地",
      "avatar": "/images/instructors/instructor_2.jpg"
    },
    "cover_image": "/images/courses/course_12.jpg",
    "duration": "12小时",
    "students_enrolled": 650,
    "rating": 4.5,
    "category": "AI工具应用",
    "slug": "prompt工程师入门训练营",
    "teaser": "快速掌握高质量Prompt的撰写技巧，了解职业路径和实际应用场景。...",
    "featured": false,
    "difficulty": "进阶级",
    "completion_time": "17天",
    "what_youll_learn": [
      "掌握Prompt工程师入门训练营的核心技能与工作流程",
      "从零基础到能够独立完成AI工具应用实际项目",
      "获得行业前沿洞察和实战经验",
      "构建属于自己的AI工作方法论"
    ],
    "testimonials": [
      {
        "name": "赵云峰",
        "job": "市场营销",
        "comment": "这门Prompt工程师入门训练营课程非常出色！获得了实际可用的技能，非常实用。",
        "avatar": "/images/testimonials/user_4.jpg",
        "rating": 5
      },
      {
        "name": "陈明亮",
        "job": "开发工程师",
        "comment": "这门Prompt工程师入门训练营课程非常出色！打开了AI应用的新视野，值得每一分钱。",
        "avatar": "/images/testimonials/user_5.jpg",
        "rating": 4
      }
    ],
    "pricing": {
      "original": 499,
      "current": 399,
      "discount_percent": 0
    },
    "trailer_video": "/videos/courses/course_12_trailer.mp4",
    "skill_tags": [
      "提示工程",
      "大语言模型",
      "知识库构建"
    ]
  },
  {
    "id": 13,
    "title": "AI法律与合规快速入门",
    "description": "了解AI内容生产、数据使用、版权保护中的法律风险与合规要求。",
    "chapters": [
      "第1章 AI内容的版权现状解析",
      "第2章 个人数据保护与GDPR概述",
      "第3章 生成式内容的法律边界",
      "第4章 企业应用AI的合规注意事项",
      "第5章 案例解析：AI侵权纠纷实例",
      "第6章 如何制定AI合规使用指南"
    ],
    "level": "进阶",
    "instructor": {
      "name": "张天琪",
      "bio": "资深内容创作者，AI创意应用专家，曾帮助上百企业完成AI转型",
      "avatar": "/images/instructors/instructor_3.jpg"
    },
    "cover_image": "/images/courses/course_13.jpg",
    "duration": "12小时",
    "students_enrolled": 700,
    "rating": 4.6,
    "category": "法律与合规",
    "slug": "ai法律与合规快速入门",
    "teaser": "了解AI内容生产、数据使用、版权保护中的法律风险与合规要求。...",
    "featured": true,
    "difficulty": "进阶级",
    "completion_time": "17天",
    "what_youll_learn": [
      "掌握AI法律与合规快速入门的核心技能与工作流程",
      "从零基础到能够独立完成法律与合规实际项目",
      "获得行业前沿洞察和实战经验",
      "构建属于自己的AI工作方法论"
    ],
    "testimonials": [
      {
        "name": "陈明亮",
        "job": "开发工程师",
        "comment": "这门AI法律与合规快速入门课程非常出色！打开了AI应用的新视野，非常实用。",
        "avatar": "/images/testimonials/user_5.jpg",
        "rating": 4
      },
      {
        "name": "林小曼",
        "job": "企业老板",
        "comment": "这门AI法律与合规快速入门课程非常出色！找到了新的职业方向，值得每一分钱。",
        "avatar": "/images/testimonials/user_6.jpg",
        "rating": 4
      }
    ],
    "pricing": {
      "original": 599,
      "current": 499,
      "discount_percent": 25
    },
    "trailer_video": "/videos/courses/course_13_trailer.mp4",
    "skill_tags": [
      "数据合规",
      "知识产权",
      "AI伦理"
    ]
  },
  {
    "id": 14,
    "title": "用AI开发教育类应用与学习助手",
    "description": "探索如何用AI打造在线教育产品，包括内容生成、智能答疑与个性化学习体验。",
    "chapters": [
      "第1章 教育领域的AI应用场景",
      "第2章 内容生成自动化（讲义/练习题/试卷）",
      "第3章 智能答疑机器人搭建（RAG系统）",
      "第4章 个性化学习推荐算法",
      "第5章 小规模教育应用上线指南",
      "第6章 项目挑战：制作你的第一个AI学习助手"
    ],
    "level": "进阶",
    "instructor": {
      "name": "陈思远",
      "bio": "电商运营专家，精通AI营销策略，《AI商业应用》作者",
      "avatar": "/images/instructors/instructor_4.jpg"
    },
    "cover_image": "/images/courses/course_14.jpg",
    "duration": "12小时",
    "students_enrolled": 750,
    "rating": 4.7,
    "category": "应用开发",
    "slug": "用ai开发教育类应用与学习助手",
    "teaser": "探索如何用AI打造在线教育产品，包括内容生成、智能答疑与个性化学习体验。...",
    "featured": false,
    "difficulty": "进阶级",
    "completion_time": "17天",
    "what_youll_learn": [
      "掌握的核心技能与工作流程",
      "从零基础到能够独立完成应用开发实际项目",
      "获得行业前沿洞察和实战经验",
      "构建属于自己的AI工作方法论"
    ],
    "testimonials": [
      {
        "name": "林小曼",
        "job": "企业老板",
        "comment": "这门用AI开发教育类应用与学习助手课程非常出色！找到了新的职业方向，非常实用。",
        "avatar": "/images/testimonials/user_6.jpg",
        "rating": 4
      },
      {
        "name": "郭志强",
        "job": "大学教师",
        "comment": "这门用AI开发教育类应用与学习助手课程非常出色！效率提升了3倍，值得每一分钱。",
        "avatar": "/images/testimonials/user_7.jpg",
        "rating": 5
      }
    ],
    "pricing": {
      "original": 699,
      "current": 599,
      "discount_percent": 0
    },
    "trailer_video": "/videos/courses/course_14_trailer.mp4",
    "skill_tags": [
      "无代码开发",
      "API集成",
      "用户体验"
    ]
  },
  {
    "id": 15,
    "title": "AI办公自动化：从日报到PPT一键生成",
    "description": "掌握日常办公文档、数据处理、PPT演示材料一键生成与优化的AI实操技巧。",
    "chapters": [
      "第1章 AI自动化办公概览",
      "第2章 ChatGPT+Excel处理数据报表",
      "第3章 智能总结日报与周报",
      "第4章 PPT自动生成与美化（Tome/Beautiful.ai）",
      "第5章 批量处理与自定义脚本（Python+AI）",
      "第6章 项目实操：搭建你的办公自动化管家"
    ],
    "level": "进阶",
    "instructor": {
      "name": "林雨晴",
      "bio": "办公效率专家，AI工具集成应用权威，企业AI培训讲师",
      "avatar": "/images/instructors/instructor_5.jpg"
    },
    "cover_image": "/images/courses/course_15.jpg",
    "duration": "12小时",
    "students_enrolled": 800,
    "rating": 4.7,
    "category": "办公效率",
    "slug": "ai办公自动化从日报到ppt一键生成",
    "teaser": "掌握日常办公文档、数据处理、PPT演示材料一键生成与优化的AI实操技巧。...",
    "featured": true,
    "difficulty": "进阶级",
    "completion_time": "17天",
    "what_youll_learn": [
      "掌握AI办公自动化：从日报到PPT一键生成的核心技能与工作流程",
      "从零基础到能够独立完成办公效率实际项目",
      "获得行业前沿洞察和实战经验",
      "构建属于自己的AI工作方法论"
    ],
    "testimonials": [
      {
        "name": "郭志强",
        "job": "大学教师",
        "comment": "这门AI办公自动化：从日报到PPT一键生成课程非常出色！效率提升了3倍，非常实用。",
        "avatar": "/images/testimonials/user_7.jpg",
        "rating": 5
      },
      {
        "name": "黄建国",
        "job": "设计师",
        "comment": "这门AI办公自动化：从日报到PPT一键生成课程非常出色！解决了长期困扰我的问题，值得每一分钱。",
        "avatar": "/images/testimonials/user_8.jpg",
        "rating": 4
      }
    ],
    "pricing": {
      "original": 799,
      "current": 699,
      "discount_percent": 0
    },
    "trailer_video": "/videos/courses/course_15_trailer.mp4",
    "skill_tags": [
      "工作流优化",
      "自动化报表",
      "团队协作"
    ]
  },
  {
    "id": 16,
    "title": "AI写剧本与短剧内容创作指南",
    "description": "学习如何用AI快速生成短剧剧本、小品剧本，适配短视频、直播电商等新场景。",
    "chapters": [
      "第1章 短剧与短视频内容趋势",
      "第2章 ChatGPT高效构建人物设定与情节",
      "第3章 快速生成对话脚本与分镜指导",
      "第4章 结合Midjourney制作视觉分镜板",
      "第5章 商业变现渠道与短剧上链",
      "第6章 项目实操：发布一部原创AI短剧脚本"
    ],
    "level": "进阶",
    "instructor": {
      "name": "李明远",
      "bio": "AI应用专家，10年互联网产品经验，专注AI+个人品牌领域研究",
      "avatar": "/images/instructors/instructor_1.jpg"
    },
    "cover_image": "/images/courses/course_16.jpg",
    "duration": "12小时",
    "students_enrolled": 850,
    "rating": 4.8,
    "category": "内容创作",
    "slug": "ai写剧本与短剧内容创作指南",
    "teaser": "学习如何用AI快速生成短剧剧本、小品剧本，适配短视频、直播电商等新场景。...",
    "featured": false,
    "difficulty": "进阶级",
    "completion_time": "17天",
    "what_youll_learn": [
      "掌握AI写剧本与短剧内容创作指南的核心技能与工作流程",
      "从零基础到能够独立完成内容创作实际项目",
      "获得行业前沿洞察和实战经验",
      "构建属于自己的AI工作方法论"
    ],
    "testimonials": [
      {
        "name": "黄建国",
        "job": "设计师",
        "comment": "这门AI写剧本与短剧内容创作指南课程非常出色！解决了长期困扰我的问题，非常实用。",
        "avatar": "/images/testimonials/user_8.jpg",
        "rating": 4
      },
      {
        "name": "李晓华",
        "job": "产品经理",
        "comment": "这门AI写剧本与短剧内容创作指南课程非常出色！找到了新的职业方向，值得每一分钱。",
        "avatar": "/images/testimonials/user_1.jpg",
        "rating": 5
      }
    ],
    "pricing": {
      "original": 399,
      "current": 299,
      "discount_percent": 25
    },
    "trailer_video": "/videos/courses/course_16_trailer.mp4",
    "skill_tags": [
      "创意写作",
      "AI生成内容",
      "视觉设计"
    ]
  },
  {
    "id": 17,
    "title": "AI营销文案与广告创意实战",
    "description": "掌握如何用AI批量生成高转化率的广告文案、产品介绍和营销创意。",
    "chapters": [
      "第1章 营销文案的心理学原理",
      "第2章 ChatGPT文案模板与应用",
      "第3章 A/B测试与文案优化方法",
      "第4章 短视频广告脚本生成",
      "第5章 海报与广告图像AI自动设计",
      "第6章 项目挑战：打造一套完整AI营销方案"
    ],
    "level": "进阶",
    "instructor": {
      "name": "王志强",
      "bio": "前大厂技术总监，AI开发实战派，擅长将复杂技术简化落地",
      "avatar": "/images/instructors/instructor_2.jpg"
    },
    "cover_image": "/images/courses/course_17.jpg",
    "duration": "12小时",
    "students_enrolled": 900,
    "rating": 4.8,
    "category": "数字营销",
    "slug": "ai营销文案与广告创意实战",
    "teaser": "掌握如何用AI批量生成高转化率的广告文案、产品介绍和营销创意。...",
    "featured": true,
    "difficulty": "进阶级",
    "completion_time": "17天",
    "what_youll_learn": [
      "掌握AI营销文案与广告创意实战的核心技能与工作流程",
      "从零基础到能够独立完成数字营销实际项目",
      "获得行业前沿洞察和实战经验",
      "构建属于自己的AI工作方法论"
    ],
    "testimonials": [
      {
        "name": "李晓华",
        "job": "产品经理",
        "comment": "这门AI营销文案与广告创意实战课程非常出色！找到了新的职业方向，非常实用。",
        "avatar": "/images/testimonials/user_1.jpg",
        "rating": 5
      },
      {
        "name": "王建明",
        "job": "自由职业者",
        "comment": "这门AI营销文案与广告创意实战课程非常出色！效率提升了3倍，值得每一分钱。",
        "avatar": "/images/testimonials/user_2.jpg",
        "rating": 4
      }
    ],
    "pricing": {
      "original": 499,
      "current": 399,
      "discount_percent": 0
    },
    "trailer_video": "/videos/courses/course_17_trailer.mp4",
    "skill_tags": [
      "内容营销",
      "社交媒体",
      "广告创意"
    ]
  }
]